episode,reward
0,1.17725
100,1.22875
200,1.3435
300,1.227
400,1.12125
500,1.256
600,1.10825
