episode,reward
0,0.092
100,-0.52625
200,-0.54275
300,-0.5385
400,-0.573
500,-0.5485
600,-0.57375
700,-0.5495
800,-0.538
900,-0.55375
